,carpark_number,car_park_type,type_of_parking_system,short_term_parking,free_parking,night_parking,car_park_decks,gantry_height,car_park_basement,total_C_actual,carpark_area,hour,dayofweek,quarter,month
0,HE1,SURFACE CAR PARK,ELECTRONIC PARKING,7AM-10.30PM,SUN & PH FR 7AM-10.30PM,NO,0,4.5,N,21,HE,,,1,1
1,HE1,SURFACE CAR PARK,ELECTRONIC PARKING,7AM-10.30PM,SUN & PH FR 7AM-10.30PM,NO,0,4.5,N,21,HE,,,1,1
2,HE1,SURFACE CAR PARK,ELECTRONIC PARKING,7AM-10.30PM,SUN & PH FR 7AM-10.30PM,NO,0,4.5,N,21,HE,,,1,1
3,HE1,SURFACE CAR PARK,ELECTRONIC PARKING,7AM-10.30PM,SUN & PH FR 7AM-10.30PM,NO,0,4.5,N,21,HE,,,1,1
4,HE1,SURFACE CAR PARK,ELECTRONIC PARKING,7AM-10.30PM,SUN & PH FR 7AM-10.30PM,NO,0,4.5,N,21,HE,,,1,1
5,HE1,SURFACE CAR PARK,ELECTRONIC PARKING,7AM-10.30PM,SUN & PH FR 7AM-10.30PM,NO,0,4.5,N,21,HE,,,1,1
6,HE1,SURFACE CAR PARK,ELECTRONIC PARKING,7AM-10.30PM,SUN & PH FR 7AM-10.30PM,NO,0,4.5,N,21,HE,,,1,1
7,HE1,SURFACE CAR PARK,ELECTRONIC PARKING,7AM-10.30PM,SUN & PH FR 7AM-10.30PM,NO,0,4.5,N,21,HE,,,1,1
8,HE1,SURFACE CAR PARK,ELECTRONIC PARKING,7AM-10.30PM,SUN & PH FR 7AM-10.30PM,NO,0,4.5,N,21,HE,,,1,1
9,HE1,SURFACE CAR PARK,ELECTRONIC PARKING,7AM-10.30PM,SUN & PH FR 7AM-10.30PM,NO,0,4.5,N,21,HE,,,1,1
10,HE1,SURFACE CAR PARK,ELECTRONIC PARKING,7AM-10.30PM,SUN & PH FR 7AM-10.30PM,NO,0,4.5,N,21,HE,,,1,1
11,HE1,SURFACE CAR PARK,ELECTRONIC PARKING,7AM-10.30PM,SUN & PH FR 7AM-10.30PM,NO,0,4.5,N,21,HE,,,1,1
12,HE1,SURFACE CAR PARK,ELECTRONIC PARKING,7AM-10.30PM,SUN & PH FR 7AM-10.30PM,NO,0,4.5,N,21,HE,,,1,1
13,HE1,SURFACE CAR PARK,ELECTRONIC PARKING,7AM-10.30PM,SUN & PH FR 7AM-10.30PM,NO,0,4.5,N,21,HE,,,1,1
14,HE1,SURFACE CAR PARK,ELECTRONIC PARKING,7AM-10.30PM,SUN & PH FR 7AM-10.30PM,NO,0,4.5,N,21,HE,,,1,1
15,HE1,SURFACE CAR PARK,ELECTRONIC PARKING,7AM-10.30PM,SUN & PH FR 7AM-10.30PM,NO,0,4.5,N,21,HE,,,1,1
16,HE1,SURFACE CAR PARK,ELECTRONIC PARKING,7AM-10.30PM,SUN & PH FR 7AM-10.30PM,NO,0,4.5,N,21,HE,,,1,1
17,HE1,SURFACE CAR PARK,ELECTRONIC PARKING,7AM-10.30PM,SUN & PH FR 7AM-10.30PM,NO,0,4.5,N,21,HE,,,1,1
18,HE1,SURFACE CAR PARK,ELECTRONIC PARKING,7AM-10.30PM,SUN & PH FR 7AM-10.30PM,NO,0,4.5,N,21,HE,,,1,1
19,HE1,SURFACE CAR PARK,ELECTRONIC PARKING,7AM-10.30PM,SUN & PH FR 7AM-10.30PM,NO,0,4.5,N,21,HE,,,1,1
20,HE1,SURFACE CAR PARK,ELECTRONIC PARKING,7AM-10.30PM,SUN & PH FR 7AM-10.30PM,NO,0,4.5,N,21,HE,,,1,1
21,HE1,SURFACE CAR PARK,ELECTRONIC PARKING,7AM-10.30PM,SUN & PH FR 7AM-10.30PM,NO,0,4.5,N,21,HE,,,1,1
22,HE1,SURFACE CAR PARK,ELECTRONIC PARKING,7AM-10.30PM,SUN & PH FR 7AM-10.30PM,NO,0,4.5,N,21,HE,,,1,1
23,HE1,SURFACE CAR PARK,ELECTRONIC PARKING,7AM-10.30PM,SUN & PH FR 7AM-10.30PM,NO,0,4.5,N,21,HE,,,1,1
24,HE3,SURFACE CAR PARK,ELECTRONIC PARKING,WHOLE DAY,SUN & PH FR 7AM-10.30PM,YES,0,0,N,148,HE,,,1,1
25,HE3,SURFACE CAR PARK,ELECTRONIC PARKING,WHOLE DAY,SUN & PH FR 7AM-10.30PM,YES,0,0,N,148,HE,,,1,1
26,HE3,SURFACE CAR PARK,ELECTRONIC PARKING,WHOLE DAY,SUN & PH FR 7AM-10.30PM,YES,0,0,N,148,HE,,,1,1
27,HE3,SURFACE CAR PARK,ELECTRONIC PARKING,WHOLE DAY,SUN & PH FR 7AM-10.30PM,YES,0,0,N,148,HE,,,1,1
28,HE3,SURFACE CAR PARK,ELECTRONIC PARKING,WHOLE DAY,SUN & PH FR 7AM-10.30PM,YES,0,0,N,148,HE,,,1,1
29,HE3,SURFACE CAR PARK,ELECTRONIC PARKING,WHOLE DAY,SUN & PH FR 7AM-10.30PM,YES,0,0,N,148,HE,,,1,1
30,HE3,SURFACE CAR PARK,ELECTRONIC PARKING,WHOLE DAY,SUN & PH FR 7AM-10.30PM,YES,0,0,N,148,HE,,,1,1
31,HE3,SURFACE CAR PARK,ELECTRONIC PARKING,WHOLE DAY,SUN & PH FR 7AM-10.30PM,YES,0,0,N,148,HE,,,1,1
32,HE3,SURFACE CAR PARK,ELECTRONIC PARKING,WHOLE DAY,SUN & PH FR 7AM-10.30PM,YES,0,0,N,148,HE,,,1,1
33,HE3,SURFACE CAR PARK,ELECTRONIC PARKING,WHOLE DAY,SUN & PH FR 7AM-10.30PM,YES,0,0,N,148,HE,,,1,1
34,HE3,SURFACE CAR PARK,ELECTRONIC PARKING,WHOLE DAY,SUN & PH FR 7AM-10.30PM,YES,0,0,N,148,HE,,,1,1
35,HE3,SURFACE CAR PARK,ELECTRONIC PARKING,WHOLE DAY,SUN & PH FR 7AM-10.30PM,YES,0,0,N,148,HE,,,1,1
36,HE3,SURFACE CAR PARK,ELECTRONIC PARKING,WHOLE DAY,SUN & PH FR 7AM-10.30PM,YES,0,0,N,148,HE,,,1,1
37,HE3,SURFACE CAR PARK,ELECTRONIC PARKING,WHOLE DAY,SUN & PH FR 7AM-10.30PM,YES,0,0,N,148,HE,,,1,1
38,HE3,SURFACE CAR PARK,ELECTRONIC PARKING,WHOLE DAY,SUN & PH FR 7AM-10.30PM,YES,0,0,N,148,HE,,,1,1
39,HE3,SURFACE CAR PARK,ELECTRONIC PARKING,WHOLE DAY,SUN & PH FR 7AM-10.30PM,YES,0,0,N,148,HE,,,1,1
40,HE3,SURFACE CAR PARK,ELECTRONIC PARKING,WHOLE DAY,SUN & PH FR 7AM-10.30PM,YES,0,0,N,148,HE,,,1,1
41,HE3,SURFACE CAR PARK,ELECTRONIC PARKING,WHOLE DAY,SUN & PH FR 7AM-10.30PM,YES,0,0,N,148,HE,,,1,1
42,HE3,SURFACE CAR PARK,ELECTRONIC PARKING,WHOLE DAY,SUN & PH FR 7AM-10.30PM,YES,0,0,N,148,HE,,,1,1
43,HE3,SURFACE CAR PARK,ELECTRONIC PARKING,WHOLE DAY,SUN & PH FR 7AM-10.30PM,YES,0,0,N,148,HE,,,1,1
44,HE3,SURFACE CAR PARK,ELECTRONIC PARKING,WHOLE DAY,SUN & PH FR 7AM-10.30PM,YES,0,0,N,148,HE,,,1,1
45,HE3,SURFACE CAR PARK,ELECTRONIC PARKING,WHOLE DAY,SUN & PH FR 7AM-10.30PM,YES,0,0,N,148,HE,,,1,1
46,HE3,SURFACE CAR PARK,ELECTRONIC PARKING,WHOLE DAY,SUN & PH FR 7AM-10.30PM,YES,0,0,N,148,HE,,,1,1
47,HE3,SURFACE CAR PARK,ELECTRONIC PARKING,WHOLE DAY,SUN & PH FR 7AM-10.30PM,YES,0,0,N,148,HE,,,1,1
48,HE4,SURFACE CAR PARK,ELECTRONIC PARKING,WHOLE DAY,SUN & PH FR 7AM-10.30PM,YES,0,0,N,124,HE,,,1,1
49,HE4,SURFACE CAR PARK,ELECTRONIC PARKING,WHOLE DAY,SUN & PH FR 7AM-10.30PM,YES,0,0,N,124,HE,,,1,1
50,HE4,SURFACE CAR PARK,ELECTRONIC PARKING,WHOLE DAY,SUN & PH FR 7AM-10.30PM,YES,0,0,N,124,HE,,,1,1
51,HE4,SURFACE CAR PARK,ELECTRONIC PARKING,WHOLE DAY,SUN & PH FR 7AM-10.30PM,YES,0,0,N,124,HE,,,1,1
52,HE4,SURFACE CAR PARK,ELECTRONIC PARKING,WHOLE DAY,SUN & PH FR 7AM-10.30PM,YES,0,0,N,124,HE,,,1,1
53,HE4,SURFACE CAR PARK,ELECTRONIC PARKING,WHOLE DAY,SUN & PH FR 7AM-10.30PM,YES,0,0,N,124,HE,,,1,1
54,HE4,SURFACE CAR PARK,ELECTRONIC PARKING,WHOLE DAY,SUN & PH FR 7AM-10.30PM,YES,0,0,N,124,HE,,,1,1
55,HE4,SURFACE CAR PARK,ELECTRONIC PARKING,WHOLE DAY,SUN & PH FR 7AM-10.30PM,YES,0,0,N,124,HE,,,1,1
56,HE4,SURFACE CAR PARK,ELECTRONIC PARKING,WHOLE DAY,SUN & PH FR 7AM-10.30PM,YES,0,0,N,124,HE,,,1,1
57,HE4,SURFACE CAR PARK,ELECTRONIC PARKING,WHOLE DAY,SUN & PH FR 7AM-10.30PM,YES,0,0,N,124,HE,,,1,1
58,HE4,SURFACE CAR PARK,ELECTRONIC PARKING,WHOLE DAY,SUN & PH FR 7AM-10.30PM,YES,0,0,N,124,HE,,,1,1
59,HE4,SURFACE CAR PARK,ELECTRONIC PARKING,WHOLE DAY,SUN & PH FR 7AM-10.30PM,YES,0,0,N,124,HE,,,1,1
60,HE4,SURFACE CAR PARK,ELECTRONIC PARKING,WHOLE DAY,SUN & PH FR 7AM-10.30PM,YES,0,0,N,124,HE,,,1,1
61,HE4,SURFACE CAR PARK,ELECTRONIC PARKING,WHOLE DAY,SUN & PH FR 7AM-10.30PM,YES,0,0,N,124,HE,,,1,1
62,HE4,SURFACE CAR PARK,ELECTRONIC PARKING,WHOLE DAY,SUN & PH FR 7AM-10.30PM,YES,0,0,N,124,HE,,,1,1
63,HE4,SURFACE CAR PARK,ELECTRONIC PARKING,WHOLE DAY,SUN & PH FR 7AM-10.30PM,YES,0,0,N,124,HE,,,1,1
64,HE4,SURFACE CAR PARK,ELECTRONIC PARKING,WHOLE DAY,SUN & PH FR 7AM-10.30PM,YES,0,0,N,124,HE,,,1,1
65,HE4,SURFACE CAR PARK,ELECTRONIC PARKING,WHOLE DAY,SUN & PH FR 7AM-10.30PM,YES,0,0,N,124,HE,,,1,1
66,HE4,SURFACE CAR PARK,ELECTRONIC PARKING,WHOLE DAY,SUN & PH FR 7AM-10.30PM,YES,0,0,N,124,HE,,,1,1
67,HE4,SURFACE CAR PARK,ELECTRONIC PARKING,WHOLE DAY,SUN & PH FR 7AM-10.30PM,YES,0,0,N,124,HE,,,1,1
68,HE4,SURFACE CAR PARK,ELECTRONIC PARKING,WHOLE DAY,SUN & PH FR 7AM-10.30PM,YES,0,0,N,124,HE,,,1,1
69,HE4,SURFACE CAR PARK,ELECTRONIC PARKING,WHOLE DAY,SUN & PH FR 7AM-10.30PM,YES,0,0,N,124,HE,,,1,1
70,HE4,SURFACE CAR PARK,ELECTRONIC PARKING,WHOLE DAY,SUN & PH FR 7AM-10.30PM,YES,0,0,N,124,HE,,,1,1
71,HE4,SURFACE CAR PARK,ELECTRONIC PARKING,WHOLE DAY,SUN & PH FR 7AM-10.30PM,YES,0,0,N,124,HE,,,1,1
72,J24,SURFACE CAR PARK,ELECTRONIC PARKING,WHOLE DAY,SUN & PH FR 7AM-10.30PM,YES,0,9.99,N,34,J,,,1,1
73,J24,SURFACE CAR PARK,ELECTRONIC PARKING,WHOLE DAY,SUN & PH FR 7AM-10.30PM,YES,0,9.99,N,34,J,,,1,1
74,J24,SURFACE CAR PARK,ELECTRONIC PARKING,WHOLE DAY,SUN & PH FR 7AM-10.30PM,YES,0,9.99,N,34,J,,,1,1
75,J24,SURFACE CAR PARK,ELECTRONIC PARKING,WHOLE DAY,SUN & PH FR 7AM-10.30PM,YES,0,9.99,N,34,J,,,1,1
76,J24,SURFACE CAR PARK,ELECTRONIC PARKING,WHOLE DAY,SUN & PH FR 7AM-10.30PM,YES,0,9.99,N,34,J,,,1,1
77,J24,SURFACE CAR PARK,ELECTRONIC PARKING,WHOLE DAY,SUN & PH FR 7AM-10.30PM,YES,0,9.99,N,34,J,,,1,1
78,J24,SURFACE CAR PARK,ELECTRONIC PARKING,WHOLE DAY,SUN & PH FR 7AM-10.30PM,YES,0,9.99,N,34,J,,,1,1
79,J24,SURFACE CAR PARK,ELECTRONIC PARKING,WHOLE DAY,SUN & PH FR 7AM-10.30PM,YES,0,9.99,N,34,J,,,1,1
80,J24,SURFACE CAR PARK,ELECTRONIC PARKING,WHOLE DAY,SUN & PH FR 7AM-10.30PM,YES,0,9.99,N,34,J,,,1,1
81,J24,SURFACE CAR PARK,ELECTRONIC PARKING,WHOLE DAY,SUN & PH FR 7AM-10.30PM,YES,0,9.99,N,34,J,,,1,1
82,J24,SURFACE CAR PARK,ELECTRONIC PARKING,WHOLE DAY,SUN & PH FR 7AM-10.30PM,YES,0,9.99,N,34,J,,,1,1
83,J24,SURFACE CAR PARK,ELECTRONIC PARKING,WHOLE DAY,SUN & PH FR 7AM-10.30PM,YES,0,9.99,N,34,J,,,1,1
84,J24,SURFACE CAR PARK,ELECTRONIC PARKING,WHOLE DAY,SUN & PH FR 7AM-10.30PM,YES,0,9.99,N,34,J,,,1,1
85,J24,SURFACE CAR PARK,ELECTRONIC PARKING,WHOLE DAY,SUN & PH FR 7AM-10.30PM,YES,0,9.99,N,34,J,,,1,1
86,J24,SURFACE CAR PARK,ELECTRONIC PARKING,WHOLE DAY,SUN & PH FR 7AM-10.30PM,YES,0,9.99,N,34,J,,,1,1
87,J24,SURFACE CAR PARK,ELECTRONIC PARKING,WHOLE DAY,SUN & PH FR 7AM-10.30PM,YES,0,9.99,N,34,J,,,1,1
88,J24,SURFACE CAR PARK,ELECTRONIC PARKING,WHOLE DAY,SUN & PH FR 7AM-10.30PM,YES,0,9.99,N,34,J,,,1,1
89,J24,SURFACE CAR PARK,ELECTRONIC PARKING,WHOLE DAY,SUN & PH FR 7AM-10.30PM,YES,0,9.99,N,34,J,,,1,1
90,J24,SURFACE CAR PARK,ELECTRONIC PARKING,WHOLE DAY,SUN & PH FR 7AM-10.30PM,YES,0,9.99,N,34,J,,,1,1
91,J24,SURFACE CAR PARK,ELECTRONIC PARKING,WHOLE DAY,SUN & PH FR 7AM-10.30PM,YES,0,9.99,N,34,J,,,1,1
92,J24,SURFACE CAR PARK,ELECTRONIC PARKING,WHOLE DAY,SUN & PH FR 7AM-10.30PM,YES,0,9.99,N,34,J,,,1,1
93,J24,SURFACE CAR PARK,ELECTRONIC PARKING,WHOLE DAY,SUN & PH FR 7AM-10.30PM,YES,0,9.99,N,34,J,,,1,1
94,J24,SURFACE CAR PARK,ELECTRONIC PARKING,WHOLE DAY,SUN & PH FR 7AM-10.30PM,YES,0,9.99,N,34,J,,,1,1
95,J24,SURFACE CAR PARK,ELECTRONIC PARKING,WHOLE DAY,SUN & PH FR 7AM-10.30PM,YES,0,9.99,N,34,J,,,1,1
96,J25,SURFACE CAR PARK,ELECTRONIC PARKING,WHOLE DAY,SUN & PH FR 7AM-10.30PM,YES,0,9.99,N,30,J,,,1,1
97,J25,SURFACE CAR PARK,ELECTRONIC PARKING,WHOLE DAY,SUN & PH FR 7AM-10.30PM,YES,0,9.99,N,30,J,,,1,1
98,J25,SURFACE CAR PARK,ELECTRONIC PARKING,WHOLE DAY,SUN & PH FR 7AM-10.30PM,YES,0,9.99,N,30,J,,,1,1
99,J25,SURFACE CAR PARK,ELECTRONIC PARKING,WHOLE DAY,SUN & PH FR 7AM-10.30PM,YES,0,9.99,N,30,J,,,1,1
100,J25,SURFACE CAR PARK,ELECTRONIC PARKING,WHOLE DAY,SUN & PH FR 7AM-10.30PM,YES,0,9.99,N,30,J,,,1,1
101,J25,SURFACE CAR PARK,ELECTRONIC PARKING,WHOLE DAY,SUN & PH FR 7AM-10.30PM,YES,0,9.99,N,30,J,,,1,1
102,J25,SURFACE CAR PARK,ELECTRONIC PARKING,WHOLE DAY,SUN & PH FR 7AM-10.30PM,YES,0,9.99,N,30,J,,,1,1
103,J25,SURFACE CAR PARK,ELECTRONIC PARKING,WHOLE DAY,SUN & PH FR 7AM-10.30PM,YES,0,9.99,N,30,J,,,1,1
104,J25,SURFACE CAR PARK,ELECTRONIC PARKING,WHOLE DAY,SUN & PH FR 7AM-10.30PM,YES,0,9.99,N,30,J,,,1,1
105,J25,SURFACE CAR PARK,ELECTRONIC PARKING,WHOLE DAY,SUN & PH FR 7AM-10.30PM,YES,0,9.99,N,30,J,,,1,1
106,J25,SURFACE CAR PARK,ELECTRONIC PARKING,WHOLE DAY,SUN & PH FR 7AM-10.30PM,YES,0,9.99,N,30,J,,,1,1
107,J25,SURFACE CAR PARK,ELECTRONIC PARKING,WHOLE DAY,SUN & PH FR 7AM-10.30PM,YES,0,9.99,N,30,J,,,1,1
108,J25,SURFACE CAR PARK,ELECTRONIC PARKING,WHOLE DAY,SUN & PH FR 7AM-10.30PM,YES,0,9.99,N,30,J,,,1,1
109,J25,SURFACE CAR PARK,ELECTRONIC PARKING,WHOLE DAY,SUN & PH FR 7AM-10.30PM,YES,0,9.99,N,30,J,,,1,1
110,J25,SURFACE CAR PARK,ELECTRONIC PARKING,WHOLE DAY,SUN & PH FR 7AM-10.30PM,YES,0,9.99,N,30,J,,,1,1
111,J25,SURFACE CAR PARK,ELECTRONIC PARKING,WHOLE DAY,SUN & PH FR 7AM-10.30PM,YES,0,9.99,N,30,J,,,1,1
112,J25,SURFACE CAR PARK,ELECTRONIC PARKING,WHOLE DAY,SUN & PH FR 7AM-10.30PM,YES,0,9.99,N,30,J,,,1,1
113,J25,SURFACE CAR PARK,ELECTRONIC PARKING,WHOLE DAY,SUN & PH FR 7AM-10.30PM,YES,0,9.99,N,30,J,,,1,1
114,J25,SURFACE CAR PARK,ELECTRONIC PARKING,WHOLE DAY,SUN & PH FR 7AM-10.30PM,YES,0,9.99,N,30,J,,,1,1
115,J25,SURFACE CAR PARK,ELECTRONIC PARKING,WHOLE DAY,SUN & PH FR 7AM-10.30PM,YES,0,9.99,N,30,J,,,1,1
116,J25,SURFACE CAR PARK,ELECTRONIC PARKING,WHOLE DAY,SUN & PH FR 7AM-10.30PM,YES,0,9.99,N,30,J,,,1,1
117,J25,SURFACE CAR PARK,ELECTRONIC PARKING,WHOLE DAY,SUN & PH FR 7AM-10.30PM,YES,0,9.99,N,30,J,,,1,1
118,J25,SURFACE CAR PARK,ELECTRONIC PARKING,WHOLE DAY,SUN & PH FR 7AM-10.30PM,YES,0,9.99,N,30,J,,,1,1
119,J25,SURFACE CAR PARK,ELECTRONIC PARKING,WHOLE DAY,SUN & PH FR 7AM-10.30PM,YES,0,9.99,N,30,J,,,1,1
120,J26,SURFACE CAR PARK,ELECTRONIC PARKING,WHOLE DAY,SUN & PH FR 7AM-10.30PM,YES,0,9.99,N,31,J,,,1,1
121,J26,SURFACE CAR PARK,ELECTRONIC PARKING,WHOLE DAY,SUN & PH FR 7AM-10.30PM,YES,0,9.99,N,31,J,,,1,1
122,J26,SURFACE CAR PARK,ELECTRONIC PARKING,WHOLE DAY,SUN & PH FR 7AM-10.30PM,YES,0,9.99,N,31,J,,,1,1
123,J26,SURFACE CAR PARK,ELECTRONIC PARKING,WHOLE DAY,SUN & PH FR 7AM-10.30PM,YES,0,9.99,N,31,J,,,1,1
124,J26,SURFACE CAR PARK,ELECTRONIC PARKING,WHOLE DAY,SUN & PH FR 7AM-10.30PM,YES,0,9.99,N,31,J,,,1,1
125,J26,SURFACE CAR PARK,ELECTRONIC PARKING,WHOLE DAY,SUN & PH FR 7AM-10.30PM,YES,0,9.99,N,31,J,,,1,1
126,J26,SURFACE CAR PARK,ELECTRONIC PARKING,WHOLE DAY,SUN & PH FR 7AM-10.30PM,YES,0,9.99,N,31,J,,,1,1
127,J26,SURFACE CAR PARK,ELECTRONIC PARKING,WHOLE DAY,SUN & PH FR 7AM-10.30PM,YES,0,9.99,N,31,J,,,1,1
128,J26,SURFACE CAR PARK,ELECTRONIC PARKING,WHOLE DAY,SUN & PH FR 7AM-10.30PM,YES,0,9.99,N,31,J,,,1,1
129,J26,SURFACE CAR PARK,ELECTRONIC PARKING,WHOLE DAY,SUN & PH FR 7AM-10.30PM,YES,0,9.99,N,31,J,,,1,1
130,J26,SURFACE CAR PARK,ELECTRONIC PARKING,WHOLE DAY,SUN & PH FR 7AM-10.30PM,YES,0,9.99,N,31,J,,,1,1
131,J26,SURFACE CAR PARK,ELECTRONIC PARKING,WHOLE DAY,SUN & PH FR 7AM-10.30PM,YES,0,9.99,N,31,J,,,1,1
132,J26,SURFACE CAR PARK,ELECTRONIC PARKING,WHOLE DAY,SUN & PH FR 7AM-10.30PM,YES,0,9.99,N,31,J,,,1,1
133,J26,SURFACE CAR PARK,ELECTRONIC PARKING,WHOLE DAY,SUN & PH FR 7AM-10.30PM,YES,0,9.99,N,31,J,,,1,1
134,J26,SURFACE CAR PARK,ELECTRONIC PARKING,WHOLE DAY,SUN & PH FR 7AM-10.30PM,YES,0,9.99,N,31,J,,,1,1
135,J26,SURFACE CAR PARK,ELECTRONIC PARKING,WHOLE DAY,SUN & PH FR 7AM-10.30PM,YES,0,9.99,N,31,J,,,1,1
136,J26,SURFACE CAR PARK,ELECTRONIC PARKING,WHOLE DAY,SUN & PH FR 7AM-10.30PM,YES,0,9.99,N,31,J,,,1,1
137,J26,SURFACE CAR PARK,ELECTRONIC PARKING,WHOLE DAY,SUN & PH FR 7AM-10.30PM,YES,0,9.99,N,31,J,,,1,1
138,J26,SURFACE CAR PARK,ELECTRONIC PARKING,WHOLE DAY,SUN & PH FR 7AM-10.30PM,YES,0,9.99,N,31,J,,,1,1
139,J26,SURFACE CAR PARK,ELECTRONIC PARKING,WHOLE DAY,SUN & PH FR 7AM-10.30PM,YES,0,9.99,N,31,J,,,1,1
140,J26,SURFACE CAR PARK,ELECTRONIC PARKING,WHOLE DAY,SUN & PH FR 7AM-10.30PM,YES,0,9.99,N,31,J,,,1,1
141,J26,SURFACE CAR PARK,ELECTRONIC PARKING,WHOLE DAY,SUN & PH FR 7AM-10.30PM,YES,0,9.99,N,31,J,,,1,1
142,J26,SURFACE CAR PARK,ELECTRONIC PARKING,WHOLE DAY,SUN & PH FR 7AM-10.30PM,YES,0,9.99,N,31,J,,,1,1
143,J26,SURFACE CAR PARK,ELECTRONIC PARKING,WHOLE DAY,SUN & PH FR 7AM-10.30PM,YES,0,9.99,N,31,J,,,1,1
144,SE16,SURFACE CAR PARK,ELECTRONIC PARKING,WHOLE DAY,SUN & PH FR 7AM-10.30PM,YES,0,4.5,N,674,SE,,,1,1
145,SE16,SURFACE CAR PARK,ELECTRONIC PARKING,WHOLE DAY,SUN & PH FR 7AM-10.30PM,YES,0,4.5,N,674,SE,,,1,1
146,SE16,SURFACE CAR PARK,ELECTRONIC PARKING,WHOLE DAY,SUN & PH FR 7AM-10.30PM,YES,0,4.5,N,674,SE,,,1,1
147,SE16,SURFACE CAR PARK,ELECTRONIC PARKING,WHOLE DAY,SUN & PH FR 7AM-10.30PM,YES,0,4.5,N,674,SE,,,1,1
148,SE16,SURFACE CAR PARK,ELECTRONIC PARKING,WHOLE DAY,SUN & PH FR 7AM-10.30PM,YES,0,4.5,N,674,SE,,,1,1
149,SE16,SURFACE CAR PARK,ELECTRONIC PARKING,WHOLE DAY,SUN & PH FR 7AM-10.30PM,YES,0,4.5,N,674,SE,,,1,1
150,SE16,SURFACE CAR PARK,ELECTRONIC PARKING,WHOLE DAY,SUN & PH FR 7AM-10.30PM,YES,0,4.5,N,674,SE,,,1,1
151,SE16,SURFACE CAR PARK,ELECTRONIC PARKING,WHOLE DAY,SUN & PH FR 7AM-10.30PM,YES,0,4.5,N,674,SE,,,1,1
152,SE16,SURFACE CAR PARK,ELECTRONIC PARKING,WHOLE DAY,SUN & PH FR 7AM-10.30PM,YES,0,4.5,N,674,SE,,,1,1
153,SE16,SURFACE CAR PARK,ELECTRONIC PARKING,WHOLE DAY,SUN & PH FR 7AM-10.30PM,YES,0,4.5,N,674,SE,,,1,1
154,SE16,SURFACE CAR PARK,ELECTRONIC PARKING,WHOLE DAY,SUN & PH FR 7AM-10.30PM,YES,0,4.5,N,674,SE,,,1,1
155,SE16,SURFACE CAR PARK,ELECTRONIC PARKING,WHOLE DAY,SUN & PH FR 7AM-10.30PM,YES,0,4.5,N,674,SE,,,1,1
156,SE16,SURFACE CAR PARK,ELECTRONIC PARKING,WHOLE DAY,SUN & PH FR 7AM-10.30PM,YES,0,4.5,N,674,SE,,,1,1
157,SE16,SURFACE CAR PARK,ELECTRONIC PARKING,WHOLE DAY,SUN & PH FR 7AM-10.30PM,YES,0,4.5,N,674,SE,,,1,1
158,SE16,SURFACE CAR PARK,ELECTRONIC PARKING,WHOLE DAY,SUN & PH FR 7AM-10.30PM,YES,0,4.5,N,674,SE,,,1,1
159,SE16,SURFACE CAR PARK,ELECTRONIC PARKING,WHOLE DAY,SUN & PH FR 7AM-10.30PM,YES,0,4.5,N,674,SE,,,1,1
160,SE16,SURFACE CAR PARK,ELECTRONIC PARKING,WHOLE DAY,SUN & PH FR 7AM-10.30PM,YES,0,4.5,N,674,SE,,,1,1
161,SE16,SURFACE CAR PARK,ELECTRONIC PARKING,WHOLE DAY,SUN & PH FR 7AM-10.30PM,YES,0,4.5,N,674,SE,,,1,1
162,SE16,SURFACE CAR PARK,ELECTRONIC PARKING,WHOLE DAY,SUN & PH FR 7AM-10.30PM,YES,0,4.5,N,674,SE,,,1,1
163,SE16,SURFACE CAR PARK,ELECTRONIC PARKING,WHOLE DAY,SUN & PH FR 7AM-10.30PM,YES,0,4.5,N,674,SE,,,1,1
164,SE16,SURFACE CAR PARK,ELECTRONIC PARKING,WHOLE DAY,SUN & PH FR 7AM-10.30PM,YES,0,4.5,N,674,SE,,,1,1
165,SE16,SURFACE CAR PARK,ELECTRONIC PARKING,WHOLE DAY,SUN & PH FR 7AM-10.30PM,YES,0,4.5,N,674,SE,,,1,1
166,SE16,SURFACE CAR PARK,ELECTRONIC PARKING,WHOLE DAY,SUN & PH FR 7AM-10.30PM,YES,0,4.5,N,674,SE,,,1,1
167,SE16,SURFACE CAR PARK,ELECTRONIC PARKING,WHOLE DAY,SUN & PH FR 7AM-10.30PM,YES,0,4.5,N,674,SE,,,1,1
168,SE17,SURFACE CAR PARK,ELECTRONIC PARKING,WHOLE DAY,NO,YES,0,0,N,436,SE,,,1,1
169,SE17,SURFACE CAR PARK,ELECTRONIC PARKING,WHOLE DAY,NO,YES,0,0,N,436,SE,,,1,1
170,SE17,SURFACE CAR PARK,ELECTRONIC PARKING,WHOLE DAY,NO,YES,0,0,N,436,SE,,,1,1
171,SE17,SURFACE CAR PARK,ELECTRONIC PARKING,WHOLE DAY,NO,YES,0,0,N,436,SE,,,1,1
172,SE17,SURFACE CAR PARK,ELECTRONIC PARKING,WHOLE DAY,NO,YES,0,0,N,436,SE,,,1,1
173,SE17,SURFACE CAR PARK,ELECTRONIC PARKING,WHOLE DAY,NO,YES,0,0,N,436,SE,,,1,1
174,SE17,SURFACE CAR PARK,ELECTRONIC PARKING,WHOLE DAY,NO,YES,0,0,N,436,SE,,,1,1
175,SE17,SURFACE CAR PARK,ELECTRONIC PARKING,WHOLE DAY,NO,YES,0,0,N,436,SE,,,1,1
176,SE17,SURFACE CAR PARK,ELECTRONIC PARKING,WHOLE DAY,NO,YES,0,0,N,436,SE,,,1,1
177,SE17,SURFACE CAR PARK,ELECTRONIC PARKING,WHOLE DAY,NO,YES,0,0,N,436,SE,,,1,1
178,SE17,SURFACE CAR PARK,ELECTRONIC PARKING,WHOLE DAY,NO,YES,0,0,N,436,SE,,,1,1
179,SE17,SURFACE CAR PARK,ELECTRONIC PARKING,WHOLE DAY,NO,YES,0,0,N,436,SE,,,1,1
180,SE17,SURFACE CAR PARK,ELECTRONIC PARKING,WHOLE DAY,NO,YES,0,0,N,436,SE,,,1,1
181,SE17,SURFACE CAR PARK,ELECTRONIC PARKING,WHOLE DAY,NO,YES,0,0,N,436,SE,,,1,1
182,SE17,SURFACE CAR PARK,ELECTRONIC PARKING,WHOLE DAY,NO,YES,0,0,N,436,SE,,,1,1
183,SE17,SURFACE CAR PARK,ELECTRONIC PARKING,WHOLE DAY,NO,YES,0,0,N,436,SE,,,1,1
184,SE17,SURFACE CAR PARK,ELECTRONIC PARKING,WHOLE DAY,NO,YES,0,0,N,436,SE,,,1,1
185,SE17,SURFACE CAR PARK,ELECTRONIC PARKING,WHOLE DAY,NO,YES,0,0,N,436,SE,,,1,1
186,SE17,SURFACE CAR PARK,ELECTRONIC PARKING,WHOLE DAY,NO,YES,0,0,N,436,SE,,,1,1
187,SE17,SURFACE CAR PARK,ELECTRONIC PARKING,WHOLE DAY,NO,YES,0,0,N,436,SE,,,1,1
188,SE17,SURFACE CAR PARK,ELECTRONIC PARKING,WHOLE DAY,NO,YES,0,0,N,436,SE,,,1,1
189,SE17,SURFACE CAR PARK,ELECTRONIC PARKING,WHOLE DAY,NO,YES,0,0,N,436,SE,,,1,1
190,SE17,SURFACE CAR PARK,ELECTRONIC PARKING,WHOLE DAY,NO,YES,0,0,N,436,SE,,,1,1
191,SE17,SURFACE CAR PARK,ELECTRONIC PARKING,WHOLE DAY,NO,YES,0,0,N,436,SE,,,1,1
192,SE18,SURFACE CAR PARK,ELECTRONIC PARKING,7AM-10.30PM,NO,NO,0,4.5,N,279,SE,,,1,1
193,SE18,SURFACE CAR PARK,ELECTRONIC PARKING,7AM-10.30PM,NO,NO,0,4.5,N,279,SE,,,1,1
194,SE18,SURFACE CAR PARK,ELECTRONIC PARKING,7AM-10.30PM,NO,NO,0,4.5,N,279,SE,,,1,1
195,SE18,SURFACE CAR PARK,ELECTRONIC PARKING,7AM-10.30PM,NO,NO,0,4.5,N,279,SE,,,1,1
196,SE18,SURFACE CAR PARK,ELECTRONIC PARKING,7AM-10.30PM,NO,NO,0,4.5,N,279,SE,,,1,1
197,SE18,SURFACE CAR PARK,ELECTRONIC PARKING,7AM-10.30PM,NO,NO,0,4.5,N,279,SE,,,1,1
198,SE18,SURFACE CAR PARK,ELECTRONIC PARKING,7AM-10.30PM,NO,NO,0,4.5,N,279,SE,,,1,1
199,SE18,SURFACE CAR PARK,ELECTRONIC PARKING,7AM-10.30PM,NO,NO,0,4.5,N,279,SE,,,1,1
200,SE18,SURFACE CAR PARK,ELECTRONIC PARKING,7AM-10.30PM,NO,NO,0,4.5,N,279,SE,,,1,1
201,SE18,SURFACE CAR PARK,ELECTRONIC PARKING,7AM-10.30PM,NO,NO,0,4.5,N,279,SE,,,1,1
202,SE18,SURFACE CAR PARK,ELECTRONIC PARKING,7AM-10.30PM,NO,NO,0,4.5,N,279,SE,,,1,1
203,SE18,SURFACE CAR PARK,ELECTRONIC PARKING,7AM-10.30PM,NO,NO,0,4.5,N,279,SE,,,1,1
204,SE18,SURFACE CAR PARK,ELECTRONIC PARKING,7AM-10.30PM,NO,NO,0,4.5,N,279,SE,,,1,1
205,SE18,SURFACE CAR PARK,ELECTRONIC PARKING,7AM-10.30PM,NO,NO,0,4.5,N,279,SE,,,1,1
206,SE18,SURFACE CAR PARK,ELECTRONIC PARKING,7AM-10.30PM,NO,NO,0,4.5,N,279,SE,,,1,1
207,SE18,SURFACE CAR PARK,ELECTRONIC PARKING,7AM-10.30PM,NO,NO,0,4.5,N,279,SE,,,1,1
208,SE18,SURFACE CAR PARK,ELECTRONIC PARKING,7AM-10.30PM,NO,NO,0,4.5,N,279,SE,,,1,1
209,SE18,SURFACE CAR PARK,ELECTRONIC PARKING,7AM-10.30PM,NO,NO,0,4.5,N,279,SE,,,1,1
210,SE18,SURFACE CAR PARK,ELECTRONIC PARKING,7AM-10.30PM,NO,NO,0,4.5,N,279,SE,,,1,1
211,SE18,SURFACE CAR PARK,ELECTRONIC PARKING,7AM-10.30PM,NO,NO,0,4.5,N,279,SE,,,1,1
212,SE18,SURFACE CAR PARK,ELECTRONIC PARKING,7AM-10.30PM,NO,NO,0,4.5,N,279,SE,,,1,1
213,SE18,SURFACE CAR PARK,ELECTRONIC PARKING,7AM-10.30PM,NO,NO,0,4.5,N,279,SE,,,1,1
214,SE18,SURFACE CAR PARK,ELECTRONIC PARKING,7AM-10.30PM,NO,NO,0,4.5,N,279,SE,,,1,1
215,SE18,SURFACE CAR PARK,ELECTRONIC PARKING,7AM-10.30PM,NO,NO,0,4.5,N,279,SE,,,1,1
216,T11,SURFACE CAR PARK,ELECTRONIC PARKING,7AM-10.30PM,NO,NO,0,0,N,250,T,,,1,1
217,T11,SURFACE CAR PARK,ELECTRONIC PARKING,7AM-10.30PM,NO,NO,0,0,N,250,T,,,1,1
218,T11,SURFACE CAR PARK,ELECTRONIC PARKING,7AM-10.30PM,NO,NO,0,0,N,250,T,,,1,1
219,T11,SURFACE CAR PARK,ELECTRONIC PARKING,7AM-10.30PM,NO,NO,0,0,N,250,T,,,1,1
220,T11,SURFACE CAR PARK,ELECTRONIC PARKING,7AM-10.30PM,NO,NO,0,0,N,250,T,,,1,1
221,T11,SURFACE CAR PARK,ELECTRONIC PARKING,7AM-10.30PM,NO,NO,0,0,N,250,T,,,1,1
222,T11,SURFACE CAR PARK,ELECTRONIC PARKING,7AM-10.30PM,NO,NO,0,0,N,250,T,,,1,1
223,T11,SURFACE CAR PARK,ELECTRONIC PARKING,7AM-10.30PM,NO,NO,0,0,N,250,T,,,1,1
224,T11,SURFACE CAR PARK,ELECTRONIC PARKING,7AM-10.30PM,NO,NO,0,0,N,250,T,,,1,1
225,T11,SURFACE CAR PARK,ELECTRONIC PARKING,7AM-10.30PM,NO,NO,0,0,N,250,T,,,1,1
226,T11,SURFACE CAR PARK,ELECTRONIC PARKING,7AM-10.30PM,NO,NO,0,0,N,250,T,,,1,1
227,T11,SURFACE CAR PARK,ELECTRONIC PARKING,7AM-10.30PM,NO,NO,0,0,N,250,T,,,1,1
228,T11,SURFACE CAR PARK,ELECTRONIC PARKING,7AM-10.30PM,NO,NO,0,0,N,250,T,,,1,1
229,T11,SURFACE CAR PARK,ELECTRONIC PARKING,7AM-10.30PM,NO,NO,0,0,N,250,T,,,1,1
230,T11,SURFACE CAR PARK,ELECTRONIC PARKING,7AM-10.30PM,NO,NO,0,0,N,250,T,,,1,1
231,T11,SURFACE CAR PARK,ELECTRONIC PARKING,7AM-10.30PM,NO,NO,0,0,N,250,T,,,1,1
232,T11,SURFACE CAR PARK,ELECTRONIC PARKING,7AM-10.30PM,NO,NO,0,0,N,250,T,,,1,1
233,T11,SURFACE CAR PARK,ELECTRONIC PARKING,7AM-10.30PM,NO,NO,0,0,N,250,T,,,1,1
234,T11,SURFACE CAR PARK,ELECTRONIC PARKING,7AM-10.30PM,NO,NO,0,0,N,250,T,,,1,1
235,T11,SURFACE CAR PARK,ELECTRONIC PARKING,7AM-10.30PM,NO,NO,0,0,N,250,T,,,1,1
236,T11,SURFACE CAR PARK,ELECTRONIC PARKING,7AM-10.30PM,NO,NO,0,0,N,250,T,,,1,1
237,T11,SURFACE CAR PARK,ELECTRONIC PARKING,7AM-10.30PM,NO,NO,0,0,N,250,T,,,1,1
238,T11,SURFACE CAR PARK,ELECTRONIC PARKING,7AM-10.30PM,NO,NO,0,0,N,250,T,,,1,1
239,T11,SURFACE CAR PARK,ELECTRONIC PARKING,7AM-10.30PM,NO,NO,0,0,N,250,T,,,1,1
240,T12,SURFACE CAR PARK,ELECTRONIC PARKING,7AM-10.30PM,NO,NO,0,0,N,250,T,,,1,1
241,T12,SURFACE CAR PARK,ELECTRONIC PARKING,7AM-10.30PM,NO,NO,0,0,N,250,T,,,1,1
242,T12,SURFACE CAR PARK,ELECTRONIC PARKING,7AM-10.30PM,NO,NO,0,0,N,250,T,,,1,1
243,T12,SURFACE CAR PARK,ELECTRONIC PARKING,7AM-10.30PM,NO,NO,0,0,N,250,T,,,1,1
244,T12,SURFACE CAR PARK,ELECTRONIC PARKING,7AM-10.30PM,NO,NO,0,0,N,250,T,,,1,1
245,T12,SURFACE CAR PARK,ELECTRONIC PARKING,7AM-10.30PM,NO,NO,0,0,N,250,T,,,1,1
246,T12,SURFACE CAR PARK,ELECTRONIC PARKING,7AM-10.30PM,NO,NO,0,0,N,250,T,,,1,1
247,T12,SURFACE CAR PARK,ELECTRONIC PARKING,7AM-10.30PM,NO,NO,0,0,N,250,T,,,1,1
248,T12,SURFACE CAR PARK,ELECTRONIC PARKING,7AM-10.30PM,NO,NO,0,0,N,250,T,,,1,1
249,T12,SURFACE CAR PARK,ELECTRONIC PARKING,7AM-10.30PM,NO,NO,0,0,N,250,T,,,1,1
250,T12,SURFACE CAR PARK,ELECTRONIC PARKING,7AM-10.30PM,NO,NO,0,0,N,250,T,,,1,1
251,T12,SURFACE CAR PARK,ELECTRONIC PARKING,7AM-10.30PM,NO,NO,0,0,N,250,T,,,1,1
252,T12,SURFACE CAR PARK,ELECTRONIC PARKING,7AM-10.30PM,NO,NO,0,0,N,250,T,,,1,1
253,T12,SURFACE CAR PARK,ELECTRONIC PARKING,7AM-10.30PM,NO,NO,0,0,N,250,T,,,1,1
254,T12,SURFACE CAR PARK,ELECTRONIC PARKING,7AM-10.30PM,NO,NO,0,0,N,250,T,,,1,1
255,T12,SURFACE CAR PARK,ELECTRONIC PARKING,7AM-10.30PM,NO,NO,0,0,N,250,T,,,1,1
256,T12,SURFACE CAR PARK,ELECTRONIC PARKING,7AM-10.30PM,NO,NO,0,0,N,250,T,,,1,1
257,T12,SURFACE CAR PARK,ELECTRONIC PARKING,7AM-10.30PM,NO,NO,0,0,N,250,T,,,1,1
258,T12,SURFACE CAR PARK,ELECTRONIC PARKING,7AM-10.30PM,NO,NO,0,0,N,250,T,,,1,1
259,T12,SURFACE CAR PARK,ELECTRONIC PARKING,7AM-10.30PM,NO,NO,0,0,N,250,T,,,1,1
260,T12,SURFACE CAR PARK,ELECTRONIC PARKING,7AM-10.30PM,NO,NO,0,0,N,250,T,,,1,1
261,T12,SURFACE CAR PARK,ELECTRONIC PARKING,7AM-10.30PM,NO,NO,0,0,N,250,T,,,1,1
262,T12,SURFACE CAR PARK,ELECTRONIC PARKING,7AM-10.30PM,NO,NO,0,0,N,250,T,,,1,1
263,T12,SURFACE CAR PARK,ELECTRONIC PARKING,7AM-10.30PM,NO,NO,0,0,N,250,T,,,1,1
264,T13,SURFACE CAR PARK,ELECTRONIC PARKING,WHOLE DAY,SUN & PH FR 7AM-10.30PM,YES,0,0,N,392,T,,,1,1
265,T13,SURFACE CAR PARK,ELECTRONIC PARKING,WHOLE DAY,SUN & PH FR 7AM-10.30PM,YES,0,0,N,392,T,,,1,1
266,T13,SURFACE CAR PARK,ELECTRONIC PARKING,WHOLE DAY,SUN & PH FR 7AM-10.30PM,YES,0,0,N,392,T,,,1,1
267,T13,SURFACE CAR PARK,ELECTRONIC PARKING,WHOLE DAY,SUN & PH FR 7AM-10.30PM,YES,0,0,N,392,T,,,1,1
268,T13,SURFACE CAR PARK,ELECTRONIC PARKING,WHOLE DAY,SUN & PH FR 7AM-10.30PM,YES,0,0,N,392,T,,,1,1
269,T13,SURFACE CAR PARK,ELECTRONIC PARKING,WHOLE DAY,SUN & PH FR 7AM-10.30PM,YES,0,0,N,392,T,,,1,1
270,T13,SURFACE CAR PARK,ELECTRONIC PARKING,WHOLE DAY,SUN & PH FR 7AM-10.30PM,YES,0,0,N,392,T,,,1,1
271,T13,SURFACE CAR PARK,ELECTRONIC PARKING,WHOLE DAY,SUN & PH FR 7AM-10.30PM,YES,0,0,N,392,T,,,1,1
272,T13,SURFACE CAR PARK,ELECTRONIC PARKING,WHOLE DAY,SUN & PH FR 7AM-10.30PM,YES,0,0,N,392,T,,,1,1
273,T13,SURFACE CAR PARK,ELECTRONIC PARKING,WHOLE DAY,SUN & PH FR 7AM-10.30PM,YES,0,0,N,392,T,,,1,1
274,T13,SURFACE CAR PARK,ELECTRONIC PARKING,WHOLE DAY,SUN & PH FR 7AM-10.30PM,YES,0,0,N,392,T,,,1,1
275,T13,SURFACE CAR PARK,ELECTRONIC PARKING,WHOLE DAY,SUN & PH FR 7AM-10.30PM,YES,0,0,N,392,T,,,1,1
276,T13,SURFACE CAR PARK,ELECTRONIC PARKING,WHOLE DAY,SUN & PH FR 7AM-10.30PM,YES,0,0,N,392,T,,,1,1
277,T13,SURFACE CAR PARK,ELECTRONIC PARKING,WHOLE DAY,SUN & PH FR 7AM-10.30PM,YES,0,0,N,392,T,,,1,1
278,T13,SURFACE CAR PARK,ELECTRONIC PARKING,WHOLE DAY,SUN & PH FR 7AM-10.30PM,YES,0,0,N,392,T,,,1,1
279,T13,SURFACE CAR PARK,ELECTRONIC PARKING,WHOLE DAY,SUN & PH FR 7AM-10.30PM,YES,0,0,N,392,T,,,1,1
280,T13,SURFACE CAR PARK,ELECTRONIC PARKING,WHOLE DAY,SUN & PH FR 7AM-10.30PM,YES,0,0,N,392,T,,,1,1
281,T13,SURFACE CAR PARK,ELECTRONIC PARKING,WHOLE DAY,SUN & PH FR 7AM-10.30PM,YES,0,0,N,392,T,,,1,1
282,T13,SURFACE CAR PARK,ELECTRONIC PARKING,WHOLE DAY,SUN & PH FR 7AM-10.30PM,YES,0,0,N,392,T,,,1,1
283,T13,SURFACE CAR PARK,ELECTRONIC PARKING,WHOLE DAY,SUN & PH FR 7AM-10.30PM,YES,0,0,N,392,T,,,1,1
284,T13,SURFACE CAR PARK,ELECTRONIC PARKING,WHOLE DAY,SUN & PH FR 7AM-10.30PM,YES,0,0,N,392,T,,,1,1
285,T13,SURFACE CAR PARK,ELECTRONIC PARKING,WHOLE DAY,SUN & PH FR 7AM-10.30PM,YES,0,0,N,392,T,,,1,1
286,T13,SURFACE CAR PARK,ELECTRONIC PARKING,WHOLE DAY,SUN & PH FR 7AM-10.30PM,YES,0,0,N,392,T,,,1,1
287,T13,SURFACE CAR PARK,ELECTRONIC PARKING,WHOLE DAY,SUN & PH FR 7AM-10.30PM,YES,0,0,N,392,T,,,1,1
288,W103,MULTI-STOREY CAR PARK,ELECTRONIC PARKING,WHOLE DAY,NO,YES,12,2.15,N,339,W,,,1,1
289,W103,MULTI-STOREY CAR PARK,ELECTRONIC PARKING,WHOLE DAY,NO,YES,12,2.15,N,339,W,,,1,1
290,W103,MULTI-STOREY CAR PARK,ELECTRONIC PARKING,WHOLE DAY,NO,YES,12,2.15,N,339,W,,,1,1
291,W103,MULTI-STOREY CAR PARK,ELECTRONIC PARKING,WHOLE DAY,NO,YES,12,2.15,N,339,W,,,1,1
292,W103,MULTI-STOREY CAR PARK,ELECTRONIC PARKING,WHOLE DAY,NO,YES,12,2.15,N,339,W,,,1,1
293,W103,MULTI-STOREY CAR PARK,ELECTRONIC PARKING,WHOLE DAY,NO,YES,12,2.15,N,339,W,,,1,1
294,W103,MULTI-STOREY CAR PARK,ELECTRONIC PARKING,WHOLE DAY,NO,YES,12,2.15,N,339,W,,,1,1
295,W103,MULTI-STOREY CAR PARK,ELECTRONIC PARKING,WHOLE DAY,NO,YES,12,2.15,N,339,W,,,1,1
296,W103,MULTI-STOREY CAR PARK,ELECTRONIC PARKING,WHOLE DAY,NO,YES,12,2.15,N,339,W,,,1,1
297,W103,MULTI-STOREY CAR PARK,ELECTRONIC PARKING,WHOLE DAY,NO,YES,12,2.15,N,339,W,,,1,1
298,W103,MULTI-STOREY CAR PARK,ELECTRONIC PARKING,WHOLE DAY,NO,YES,12,2.15,N,339,W,,,1,1
299,W103,MULTI-STOREY CAR PARK,ELECTRONIC PARKING,WHOLE DAY,NO,YES,12,2.15,N,339,W,,,1,1
300,W103,MULTI-STOREY CAR PARK,ELECTRONIC PARKING,WHOLE DAY,NO,YES,12,2.15,N,339,W,,,1,1
301,W103,MULTI-STOREY CAR PARK,ELECTRONIC PARKING,WHOLE DAY,NO,YES,12,2.15,N,339,W,,,1,1
302,W103,MULTI-STOREY CAR PARK,ELECTRONIC PARKING,WHOLE DAY,NO,YES,12,2.15,N,339,W,,,1,1
303,W103,MULTI-STOREY CAR PARK,ELECTRONIC PARKING,WHOLE DAY,NO,YES,12,2.15,N,339,W,,,1,1
304,W103,MULTI-STOREY CAR PARK,ELECTRONIC PARKING,WHOLE DAY,NO,YES,12,2.15,N,339,W,,,1,1
305,W103,MULTI-STOREY CAR PARK,ELECTRONIC PARKING,WHOLE DAY,NO,YES,12,2.15,N,339,W,,,1,1
306,W103,MULTI-STOREY CAR PARK,ELECTRONIC PARKING,WHOLE DAY,NO,YES,12,2.15,N,339,W,,,1,1
307,W103,MULTI-STOREY CAR PARK,ELECTRONIC PARKING,WHOLE DAY,NO,YES,12,2.15,N,339,W,,,1,1
308,W103,MULTI-STOREY CAR PARK,ELECTRONIC PARKING,WHOLE DAY,NO,YES,12,2.15,N,339,W,,,1,1
309,W103,MULTI-STOREY CAR PARK,ELECTRONIC PARKING,WHOLE DAY,NO,YES,12,2.15,N,339,W,,,1,1
310,W103,MULTI-STOREY CAR PARK,ELECTRONIC PARKING,WHOLE DAY,NO,YES,12,2.15,N,339,W,,,1,1
311,W103,MULTI-STOREY CAR PARK,ELECTRONIC PARKING,WHOLE DAY,NO,YES,12,2.15,N,339,W,,,1,1
312,W104,MULTI-STOREY CAR PARK,ELECTRONIC PARKING,WHOLE DAY,SUN & PH FR 7AM-10.30PM,YES,14,2.15,N,696,W,,,1,1
313,W104,MULTI-STOREY CAR PARK,ELECTRONIC PARKING,WHOLE DAY,SUN & PH FR 7AM-10.30PM,YES,14,2.15,N,696,W,,,1,1
314,W104,MULTI-STOREY CAR PARK,ELECTRONIC PARKING,WHOLE DAY,SUN & PH FR 7AM-10.30PM,YES,14,2.15,N,696,W,,,1,1
315,W104,MULTI-STOREY CAR PARK,ELECTRONIC PARKING,WHOLE DAY,SUN & PH FR 7AM-10.30PM,YES,14,2.15,N,696,W,,,1,1
316,W104,MULTI-STOREY CAR PARK,ELECTRONIC PARKING,WHOLE DAY,SUN & PH FR 7AM-10.30PM,YES,14,2.15,N,696,W,,,1,1
317,W104,MULTI-STOREY CAR PARK,ELECTRONIC PARKING,WHOLE DAY,SUN & PH FR 7AM-10.30PM,YES,14,2.15,N,696,W,,,1,1
318,W104,MULTI-STOREY CAR PARK,ELECTRONIC PARKING,WHOLE DAY,SUN & PH FR 7AM-10.30PM,YES,14,2.15,N,696,W,,,1,1
319,W104,MULTI-STOREY CAR PARK,ELECTRONIC PARKING,WHOLE DAY,SUN & PH FR 7AM-10.30PM,YES,14,2.15,N,696,W,,,1,1
320,W104,MULTI-STOREY CAR PARK,ELECTRONIC PARKING,WHOLE DAY,SUN & PH FR 7AM-10.30PM,YES,14,2.15,N,696,W,,,1,1
321,W104,MULTI-STOREY CAR PARK,ELECTRONIC PARKING,WHOLE DAY,SUN & PH FR 7AM-10.30PM,YES,14,2.15,N,696,W,,,1,1
322,W104,MULTI-STOREY CAR PARK,ELECTRONIC PARKING,WHOLE DAY,SUN & PH FR 7AM-10.30PM,YES,14,2.15,N,696,W,,,1,1
323,W104,MULTI-STOREY CAR PARK,ELECTRONIC PARKING,WHOLE DAY,SUN & PH FR 7AM-10.30PM,YES,14,2.15,N,696,W,,,1,1
324,W104,MULTI-STOREY CAR PARK,ELECTRONIC PARKING,WHOLE DAY,SUN & PH FR 7AM-10.30PM,YES,14,2.15,N,696,W,,,1,1
325,W104,MULTI-STOREY CAR PARK,ELECTRONIC PARKING,WHOLE DAY,SUN & PH FR 7AM-10.30PM,YES,14,2.15,N,696,W,,,1,1
326,W104,MULTI-STOREY CAR PARK,ELECTRONIC PARKING,WHOLE DAY,SUN & PH FR 7AM-10.30PM,YES,14,2.15,N,696,W,,,1,1
327,W104,MULTI-STOREY CAR PARK,ELECTRONIC PARKING,WHOLE DAY,SUN & PH FR 7AM-10.30PM,YES,14,2.15,N,696,W,,,1,1
328,W104,MULTI-STOREY CAR PARK,ELECTRONIC PARKING,WHOLE DAY,SUN & PH FR 7AM-10.30PM,YES,14,2.15,N,696,W,,,1,1
329,W104,MULTI-STOREY CAR PARK,ELECTRONIC PARKING,WHOLE DAY,SUN & PH FR 7AM-10.30PM,YES,14,2.15,N,696,W,,,1,1
330,W104,MULTI-STOREY CAR PARK,ELECTRONIC PARKING,WHOLE DAY,SUN & PH FR 7AM-10.30PM,YES,14,2.15,N,696,W,,,1,1
331,W104,MULTI-STOREY CAR PARK,ELECTRONIC PARKING,WHOLE DAY,SUN & PH FR 7AM-10.30PM,YES,14,2.15,N,696,W,,,1,1
332,W104,MULTI-STOREY CAR PARK,ELECTRONIC PARKING,WHOLE DAY,SUN & PH FR 7AM-10.30PM,YES,14,2.15,N,696,W,,,1,1
333,W104,MULTI-STOREY CAR PARK,ELECTRONIC PARKING,WHOLE DAY,SUN & PH FR 7AM-10.30PM,YES,14,2.15,N,696,W,,,1,1
334,W104,MULTI-STOREY CAR PARK,ELECTRONIC PARKING,WHOLE DAY,SUN & PH FR 7AM-10.30PM,YES,14,2.15,N,696,W,,,1,1
335,W104,MULTI-STOREY CAR PARK,ELECTRONIC PARKING,WHOLE DAY,SUN & PH FR 7AM-10.30PM,YES,14,2.15,N,696,W,,,1,1
336,W105,MULTI-STOREY CAR PARK,ELECTRONIC PARKING,WHOLE DAY,SUN & PH FR 7AM-10.30PM,YES,7,2.15,N,126,W,,,1,1
337,W105,MULTI-STOREY CAR PARK,ELECTRONIC PARKING,WHOLE DAY,SUN & PH FR 7AM-10.30PM,YES,7,2.15,N,126,W,,,1,1
338,W105,MULTI-STOREY CAR PARK,ELECTRONIC PARKING,WHOLE DAY,SUN & PH FR 7AM-10.30PM,YES,7,2.15,N,126,W,,,1,1
339,W105,MULTI-STOREY CAR PARK,ELECTRONIC PARKING,WHOLE DAY,SUN & PH FR 7AM-10.30PM,YES,7,2.15,N,126,W,,,1,1
340,W105,MULTI-STOREY CAR PARK,ELECTRONIC PARKING,WHOLE DAY,SUN & PH FR 7AM-10.30PM,YES,7,2.15,N,126,W,,,1,1
341,W105,MULTI-STOREY CAR PARK,ELECTRONIC PARKING,WHOLE DAY,SUN & PH FR 7AM-10.30PM,YES,7,2.15,N,126,W,,,1,1
342,W105,MULTI-STOREY CAR PARK,ELECTRONIC PARKING,WHOLE DAY,SUN & PH FR 7AM-10.30PM,YES,7,2.15,N,126,W,,,1,1
343,W105,MULTI-STOREY CAR PARK,ELECTRONIC PARKING,WHOLE DAY,SUN & PH FR 7AM-10.30PM,YES,7,2.15,N,126,W,,,1,1
344,W105,MULTI-STOREY CAR PARK,ELECTRONIC PARKING,WHOLE DAY,SUN & PH FR 7AM-10.30PM,YES,7,2.15,N,126,W,,,1,1
345,W105,MULTI-STOREY CAR PARK,ELECTRONIC PARKING,WHOLE DAY,SUN & PH FR 7AM-10.30PM,YES,7,2.15,N,126,W,,,1,1
346,W105,MULTI-STOREY CAR PARK,ELECTRONIC PARKING,WHOLE DAY,SUN & PH FR 7AM-10.30PM,YES,7,2.15,N,126,W,,,1,1
347,W105,MULTI-STOREY CAR PARK,ELECTRONIC PARKING,WHOLE DAY,SUN & PH FR 7AM-10.30PM,YES,7,2.15,N,126,W,,,1,1
348,W105,MULTI-STOREY CAR PARK,ELECTRONIC PARKING,WHOLE DAY,SUN & PH FR 7AM-10.30PM,YES,7,2.15,N,126,W,,,1,1
349,W105,MULTI-STOREY CAR PARK,ELECTRONIC PARKING,WHOLE DAY,SUN & PH FR 7AM-10.30PM,YES,7,2.15,N,126,W,,,1,1
350,W105,MULTI-STOREY CAR PARK,ELECTRONIC PARKING,WHOLE DAY,SUN & PH FR 7AM-10.30PM,YES,7,2.15,N,126,W,,,1,1
351,W105,MULTI-STOREY CAR PARK,ELECTRONIC PARKING,WHOLE DAY,SUN & PH FR 7AM-10.30PM,YES,7,2.15,N,126,W,,,1,1
352,W105,MULTI-STOREY CAR PARK,ELECTRONIC PARKING,WHOLE DAY,SUN & PH FR 7AM-10.30PM,YES,7,2.15,N,126,W,,,1,1
353,W105,MULTI-STOREY CAR PARK,ELECTRONIC PARKING,WHOLE DAY,SUN & PH FR 7AM-10.30PM,YES,7,2.15,N,126,W,,,1,1
354,W105,MULTI-STOREY CAR PARK,ELECTRONIC PARKING,WHOLE DAY,SUN & PH FR 7AM-10.30PM,YES,7,2.15,N,126,W,,,1,1
355,W105,MULTI-STOREY CAR PARK,ELECTRONIC PARKING,WHOLE DAY,SUN & PH FR 7AM-10.30PM,YES,7,2.15,N,126,W,,,1,1
356,W105,MULTI-STOREY CAR PARK,ELECTRONIC PARKING,WHOLE DAY,SUN & PH FR 7AM-10.30PM,YES,7,2.15,N,126,W,,,1,1
357,W105,MULTI-STOREY CAR PARK,ELECTRONIC PARKING,WHOLE DAY,SUN & PH FR 7AM-10.30PM,YES,7,2.15,N,126,W,,,1,1
358,W105,MULTI-STOREY CAR PARK,ELECTRONIC PARKING,WHOLE DAY,SUN & PH FR 7AM-10.30PM,YES,7,2.15,N,126,W,,,1,1
359,W105,MULTI-STOREY CAR PARK,ELECTRONIC PARKING,WHOLE DAY,SUN & PH FR 7AM-10.30PM,YES,7,2.15,N,126,W,,,1,1
